,compound,create_date,negative,neutral,news_media,positive,tweets_ago
0,0.25,2017-12-03 00:00:11+00:00,0.0,0.9,nytimes,0.1,0
1,-0.4215,2017-12-02 23:46:02+00:00,0.135,0.865,nytimes,0.0,-1
2,0.0,2017-12-02 23:36:09+00:00,0.0,1.0,nytimes,0.0,-2
3,-0.7269,2017-12-02 23:26:05+00:00,0.295,0.705,nytimes,0.0,-3
4,0.0,2017-12-02 23:16:04+00:00,0.0,1.0,nytimes,0.0,-4
5,-0.4215,2017-12-02 23:06:06+00:00,0.128,0.872,nytimes,0.0,-5
6,0.0,2017-12-02 22:56:03+00:00,0.0,1.0,nytimes,0.0,-6
7,0.4404,2017-12-02 22:46:01+00:00,0.0,0.828,nytimes,0.172,-7
8,0.296,2017-12-02 22:36:01+00:00,0.0,0.879,nytimes,0.121,-8
9,0.4754,2017-12-02 22:26:05+00:00,0.0,0.721,nytimes,0.279,-9
10,0.0,2017-12-02 22:16:02+00:00,0.0,1.0,nytimes,0.0,-10
11,0.0,2017-12-02 22:06:06+00:00,0.0,1.0,nytimes,0.0,-11
12,-0.296,2017-12-02 21:56:02+00:00,0.091,0.909,nytimes,0.0,-12
13,0.0,2017-12-02 21:46:03+00:00,0.0,1.0,nytimes,0.0,-13
14,0.0,2017-12-02 21:36:01+00:00,0.0,1.0,nytimes,0.0,-14
15,0.0,2017-12-02 21:26:06+00:00,0.0,1.0,nytimes,0.0,-15
16,-0.4019,2017-12-02 21:15:09+00:00,0.13,0.87,nytimes,0.0,-16
17,-0.5574,2017-12-02 20:59:06+00:00,0.217,0.783,nytimes,0.0,-17
18,0.6072,2017-12-02 20:41:04+00:00,0.0,0.82,nytimes,0.18,-18
19,-0.6808,2017-12-02 20:26:05+00:00,0.248,0.752,nytimes,0.0,-19
20,0.4215,2017-12-02 20:11:04+00:00,0.0,0.865,nytimes,0.135,-20
21,-0.3818,2017-12-02 19:56:02+00:00,0.14,0.86,nytimes,0.0,-21
22,-0.7351,2017-12-02 19:41:03+00:00,0.267,0.733,nytimes,0.0,-22
23,-0.3182,2017-12-02 19:31:02+00:00,0.162,0.687,nytimes,0.151,-23
24,0.6908,2017-12-02 19:21:03+00:00,0.095,0.563,nytimes,0.342,-24
25,0.0,2017-12-02 19:06:06+00:00,0.0,1.0,nytimes,0.0,-25
26,0.4019,2017-12-02 18:56:04+00:00,0.0,0.886,nytimes,0.114,-26
27,0.0,2017-12-02 18:46:02+00:00,0.0,1.0,nytimes,0.0,-27
28,0.0,2017-12-02 18:36:01+00:00,0.0,1.0,nytimes,0.0,-28
29,0.0,2017-12-02 18:21:05+00:00,0.0,1.0,nytimes,0.0,-29
30,0.0,2017-12-02 18:06:05+00:00,0.0,1.0,nytimes,0.0,-30
31,0.5859,2017-12-02 17:56:05+00:00,0.0,0.847,nytimes,0.153,-31
32,0.0,2017-12-02 17:46:01+00:00,0.0,1.0,nytimes,0.0,-32
33,0.2263,2017-12-02 17:36:07+00:00,0.0,0.84,nytimes,0.16,-33
34,0.4215,2017-12-02 17:21:03+00:00,0.0,0.877,nytimes,0.123,-34
35,0.6249,2017-12-02 17:07:36+00:00,0.0,0.823,nytimes,0.177,-35
36,-0.2732,2017-12-02 16:51:10+00:00,0.104,0.896,nytimes,0.0,-36
37,0.0,2017-12-02 16:48:14+00:00,0.0,1.0,nytimes,0.0,-37
38,0.0772,2017-12-02 16:41:04+00:00,0.0,0.944,nytimes,0.056,-38
39,-0.296,2017-12-02 16:26:06+00:00,0.196,0.804,nytimes,0.0,-39
40,-0.0258,2017-12-02 16:11:06+00:00,0.136,0.791,nytimes,0.073,-40
41,0.4215,2017-12-02 15:56:02+00:00,0.097,0.714,nytimes,0.189,-41
42,0.0,2017-12-02 15:48:27+00:00,0.0,1.0,nytimes,0.0,-42
43,0.4019,2017-12-02 15:41:02+00:00,0.0,0.876,nytimes,0.124,-43
44,0.0,2017-12-02 15:26:01+00:00,0.0,1.0,nytimes,0.0,-44
45,0.34,2017-12-02 15:12:04+00:00,0.0,0.893,nytimes,0.107,-45
46,0.2023,2017-12-02 15:02:01+00:00,0.0,0.909,nytimes,0.091,-46
47,0.0,2017-12-02 14:41:01+00:00,0.0,1.0,nytimes,0.0,-47
48,0.0,2017-12-02 14:21:01+00:00,0.0,1.0,nytimes,0.0,-48
49,0.4404,2017-12-02 14:01:08+00:00,0.0,0.854,nytimes,0.146,-49
50,-0.6369,2017-12-02 13:41:05+00:00,0.178,0.822,nytimes,0.0,-50
51,-0.4215,2017-12-02 13:21:02+00:00,0.237,0.763,nytimes,0.0,-51
52,0.0,2017-12-02 13:02:06+00:00,0.0,1.0,nytimes,0.0,-52
53,0.6369,2017-12-02 12:41:02+00:00,0.0,0.588,nytimes,0.412,-53
54,0.0,2017-12-02 12:21:04+00:00,0.0,1.0,nytimes,0.0,-54
55,0.5859,2017-12-02 12:02:07+00:00,0.0,0.853,nytimes,0.147,-55
56,0.5859,2017-12-02 11:39:48+00:00,0.0,0.774,nytimes,0.226,-56
57,0.0772,2017-12-02 11:20:31+00:00,0.0,0.902,nytimes,0.098,-57
58,0.0,2017-12-02 11:00:42+00:00,0.0,1.0,nytimes,0.0,-58
59,0.34,2017-12-02 10:42:53+00:00,0.0,0.833,nytimes,0.167,-59
60,0.0,2017-12-02 10:39:48+00:00,0.0,1.0,nytimes,0.0,-60
61,0.6249,2017-12-02 10:38:05+00:00,0.0,0.796,nytimes,0.204,-61
62,-0.5267,2017-12-02 10:36:37+00:00,0.298,0.702,nytimes,0.0,-62
63,-0.4754,2017-12-02 10:19:21+00:00,0.147,0.853,nytimes,0.0,-63
64,-0.5574,2017-12-02 10:02:13+00:00,0.286,0.714,nytimes,0.0,-64
65,-0.2263,2017-12-02 09:48:42+00:00,0.174,0.826,nytimes,0.0,-65
66,0.0,2017-12-02 09:30:39+00:00,0.0,1.0,nytimes,0.0,-66
67,0.765,2017-12-02 09:11:02+00:00,0.0,0.708,nytimes,0.292,-67
68,-0.8555,2017-12-02 08:44:20+00:00,0.344,0.656,nytimes,0.0,-68
69,0.0,2017-12-02 08:24:32+00:00,0.0,1.0,nytimes,0.0,-69
70,-0.3818,2017-12-02 08:05:54+00:00,0.206,0.794,nytimes,0.0,-70
71,0.0,2017-12-02 08:02:21+00:00,0.0,1.0,nytimes,0.0,-71
72,-0.8481,2017-12-02 07:53:35+00:00,0.38,0.62,nytimes,0.0,-72
73,-0.4754,2017-12-02 07:34:37+00:00,0.162,0.838,nytimes,0.0,-73
74,0.0,2017-12-02 07:34:37+00:00,0.0,1.0,nytimes,0.0,-74
75,0.34,2017-12-02 07:17:19+00:00,0.0,0.833,nytimes,0.167,-75
76,0.0,2017-12-02 07:00:22+00:00,0.0,1.0,nytimes,0.0,-76
77,0.5859,2017-12-02 06:56:41+00:00,0.0,0.808,nytimes,0.192,-77
78,0.0,2017-12-02 06:45:50+00:00,0.0,1.0,nytimes,0.0,-78
79,0.5574,2017-12-02 06:41:50+00:00,0.0,0.753,nytimes,0.247,-79
80,-0.5106,2017-12-02 06:22:07+00:00,0.248,0.752,nytimes,0.0,-80
81,0.0,2017-12-02 06:06:03+00:00,0.0,1.0,nytimes,0.0,-81
82,0.2023,2017-12-02 05:52:08+00:00,0.0,0.899,nytimes,0.101,-82
83,0.0,2017-12-02 05:34:03+00:00,0.0,1.0,nytimes,0.0,-83
84,0.0,2017-12-02 05:32:05+00:00,0.0,1.0,nytimes,0.0,-84
85,0.2263,2017-12-02 05:19:13+00:00,0.0,0.913,nytimes,0.087,-85
86,0.0,2017-12-02 05:14:09+00:00,0.0,1.0,nytimes,0.0,-86
87,0.1531,2017-12-02 05:02:06+00:00,0.139,0.693,nytimes,0.168,-87
88,-0.5106,2017-12-02 04:48:43+00:00,0.292,0.708,nytimes,0.0,-88
89,0.1027,2017-12-02 04:47:06+00:00,0.089,0.806,nytimes,0.105,-89
90,0.7096,2017-12-02 04:32:07+00:00,0.0,0.688,nytimes,0.312,-90
91,0.2023,2017-12-02 04:25:14+00:00,0.0,0.833,nytimes,0.167,-91
92,0.5994,2017-12-02 04:10:55+00:00,0.0,0.754,nytimes,0.246,-92
93,0.2023,2017-12-02 04:02:28+00:00,0.0,0.886,nytimes,0.114,-93
94,0.0,2017-12-02 03:47:02+00:00,0.0,1.0,nytimes,0.0,-94
95,0.0,2017-12-02 03:32:07+00:00,0.0,1.0,nytimes,0.0,-95
96,0.0,2017-12-02 03:17:03+00:00,0.0,1.0,nytimes,0.0,-96
97,-0.5106,2017-12-02 03:02:04+00:00,0.193,0.807,nytimes,0.0,-97
98,-0.25,2017-12-02 02:47:01+00:00,0.155,0.747,nytimes,0.098,-98
99,0.0,2017-12-02 02:31:10+00:00,0.0,1.0,nytimes,0.0,-99
0,-0.4215,2017-12-03 00:15:11+00:00,0.149,0.851,CNN,0.0,0
1,0.4019,2017-12-03 00:00:15+00:00,0.0,0.863,CNN,0.137,-1
2,0.0,2017-12-02 23:45:06+00:00,0.0,1.0,CNN,0.0,-2
3,-0.4222,2017-12-02 23:35:02+00:00,0.127,0.82,CNN,0.053,-3
4,-0.5859,2017-12-02 23:30:11+00:00,0.286,0.714,CNN,0.0,-4
5,0.0,2017-12-02 23:15:04+00:00,0.0,1.0,CNN,0.0,-5
6,-0.1027,2017-12-02 23:00:16+00:00,0.069,0.931,CNN,0.0,-6
7,-0.5574,2017-12-02 22:45:06+00:00,0.247,0.753,CNN,0.0,-7
8,0.0,2017-12-02 22:30:06+00:00,0.0,1.0,CNN,0.0,-8
9,0.4019,2017-12-02 22:15:07+00:00,0.0,0.816,CNN,0.184,-9
10,-0.4215,2017-12-02 22:00:05+00:00,0.167,0.833,CNN,0.0,-10
11,-0.7096,2017-12-02 21:45:05+00:00,0.349,0.651,CNN,0.0,-11
12,-0.8625,2017-12-02 21:30:14+00:00,0.516,0.484,CNN,0.0,-12
13,0.1779,2017-12-02 21:15:16+00:00,0.0,0.898,CNN,0.102,-13
14,0.0,2017-12-02 21:00:10+00:00,0.0,1.0,CNN,0.0,-14
15,-0.6369,2017-12-02 20:45:51+00:00,0.346,0.42,CNN,0.234,-15
16,-0.4404,2017-12-02 20:30:38+00:00,0.139,0.861,CNN,0.0,-16
17,-0.5859,2017-12-02 20:15:04+00:00,0.226,0.774,CNN,0.0,-17
18,-0.5106,2017-12-02 20:00:55+00:00,0.193,0.807,CNN,0.0,-18
19,0.0,2017-12-02 19:45:12+00:00,0.0,1.0,CNN,0.0,-19
20,-0.34,2017-12-02 19:30:05+00:00,0.167,0.833,CNN,0.0,-20
21,-0.2263,2017-12-02 19:15:10+00:00,0.128,0.872,CNN,0.0,-21
22,0.128,2017-12-02 19:00:13+00:00,0.189,0.592,CNN,0.219,-22
23,-0.4215,2017-12-02 18:45:09+00:00,0.237,0.763,CNN,0.0,-23
24,0.4019,2017-12-02 18:30:02+00:00,0.0,0.847,CNN,0.153,-24
25,0.0,2017-12-02 18:15:03+00:00,0.0,1.0,CNN,0.0,-25
26,-0.5994,2017-12-02 18:00:04+00:00,0.231,0.769,CNN,0.0,-26
27,0.0,2017-12-02 17:45:05+00:00,0.0,1.0,CNN,0.0,-27
28,0.128,2017-12-02 17:30:04+00:00,0.0,0.842,CNN,0.158,-28
29,0.0,2017-12-02 17:15:06+00:00,0.0,1.0,CNN,0.0,-29
30,-0.1027,2017-12-02 17:00:06+00:00,0.069,0.931,CNN,0.0,-30
31,-0.3818,2017-12-02 16:45:07+00:00,0.224,0.776,CNN,0.0,-31
32,-0.3597,2017-12-02 16:30:13+00:00,0.161,0.839,CNN,0.0,-32
33,0.4404,2017-12-02 16:15:05+00:00,0.0,0.828,CNN,0.172,-33
34,-0.8519,2017-12-02 16:00:22+00:00,0.383,0.617,CNN,0.0,-34
35,0.7906,2017-12-02 15:45:09+00:00,0.0,0.696,CNN,0.304,-35
36,0.0,2017-12-02 15:27:52+00:00,0.0,1.0,CNN,0.0,-36
37,0.0,2017-12-02 15:00:30+00:00,0.0,1.0,CNN,0.0,-37
38,0.8074,2017-12-02 14:55:33+00:00,0.0,0.722,CNN,0.278,-38
39,0.0,2017-12-02 14:45:04+00:00,0.0,1.0,CNN,0.0,-39
40,0.3818,2017-12-02 14:38:05+00:00,0.0,0.885,CNN,0.115,-40
41,0.0,2017-12-02 14:30:51+00:00,0.0,1.0,CNN,0.0,-41
42,-0.4404,2017-12-02 14:10:16+00:00,0.162,0.838,CNN,0.0,-42
43,0.5423,2017-12-02 14:00:18+00:00,0.0,0.821,CNN,0.179,-43
44,-0.7845,2017-12-02 13:40:08+00:00,0.257,0.743,CNN,0.0,-44
45,-0.6478,2017-12-02 13:29:03+00:00,0.227,0.773,CNN,0.0,-45
46,0.0,2017-12-02 13:00:22+00:00,0.0,1.0,CNN,0.0,-46
47,-0.4404,2017-12-02 12:30:21+00:00,0.146,0.854,CNN,0.0,-47
48,0.7574,2017-12-02 12:00:37+00:00,0.0,0.706,CNN,0.294,-48
49,0.0,2017-12-02 11:30:36+00:00,0.0,1.0,CNN,0.0,-49
50,0.0,2017-12-02 11:01:08+00:00,0.0,1.0,CNN,0.0,-50
51,0.0,2017-12-02 10:30:21+00:00,0.0,1.0,CNN,0.0,-51
52,-0.3612,2017-12-02 10:00:21+00:00,0.128,0.872,CNN,0.0,-52
53,-0.296,2017-12-02 09:30:15+00:00,0.235,0.539,CNN,0.225,-53
54,-0.2023,2017-12-02 09:00:27+00:00,0.079,0.921,CNN,0.0,-54
55,0.6908,2017-12-02 08:29:07+00:00,0.0,0.749,CNN,0.251,-55
56,0.0,2017-12-02 08:00:15+00:00,0.0,1.0,CNN,0.0,-56
57,0.0258,2017-12-02 07:30:06+00:00,0.1,0.795,CNN,0.105,-57
58,0.0,2017-12-02 07:09:54+00:00,0.0,1.0,CNN,0.0,-58
59,-0.6369,2017-12-02 07:02:24+00:00,0.174,0.826,CNN,0.0,-59
60,-0.1027,2017-12-02 06:30:14+00:00,0.072,0.928,CNN,0.0,-60
61,-0.0516,2017-12-02 06:00:18+00:00,0.124,0.762,CNN,0.114,-61
62,0.0,2017-12-02 05:30:06+00:00,0.0,1.0,CNN,0.0,-62
63,0.0,2017-12-02 05:20:17+00:00,0.0,1.0,CNN,0.0,-63
64,0.0,2017-12-02 05:02:41+00:00,0.0,1.0,CNN,0.0,-64
65,0.0,2017-12-02 04:30:07+00:00,0.0,1.0,CNN,0.0,-65
66,0.4939,2017-12-02 04:00:07+00:00,0.0,0.775,CNN,0.225,-66
67,0.0772,2017-12-02 03:30:22+00:00,0.093,0.802,CNN,0.105,-67
68,0.1779,2017-12-02 03:00:18+00:00,0.0,0.825,CNN,0.175,-68
69,0.0,2017-12-02 02:50:05+00:00,0.0,1.0,CNN,0.0,-69
70,-0.8885,2017-12-02 02:40:06+00:00,0.404,0.596,CNN,0.0,-70
71,0.0,2017-12-02 02:30:06+00:00,0.0,1.0,CNN,0.0,-71
72,-0.6249,2017-12-02 02:20:01+00:00,0.313,0.687,CNN,0.0,-72
73,0.0,2017-12-02 02:10:04+00:00,0.0,1.0,CNN,0.0,-73
74,0.0,2017-12-02 02:00:27+00:00,0.0,1.0,CNN,0.0,-74
75,0.4019,2017-12-02 01:50:04+00:00,0.0,0.816,CNN,0.184,-75
76,0.0,2017-12-02 01:40:03+00:00,0.0,1.0,CNN,0.0,-76
77,0.0,2017-12-02 01:30:07+00:00,0.0,1.0,CNN,0.0,-77
78,0.4019,2017-12-02 01:22:50+00:00,0.0,0.856,CNN,0.144,-78
79,-0.4215,2017-12-02 01:20:10+00:00,0.219,0.781,CNN,0.0,-79
80,0.0,2017-12-02 01:10:11+00:00,0.0,1.0,CNN,0.0,-80
81,0.0,2017-12-02 01:00:02+00:00,0.0,1.0,CNN,0.0,-81
82,0.5859,2017-12-02 00:50:04+00:00,0.094,0.656,CNN,0.25,-82
83,0.0,2017-12-02 00:40:09+00:00,0.0,1.0,CNN,0.0,-83
84,0.0,2017-12-02 00:30:15+00:00,0.0,1.0,CNN,0.0,-84
85,0.0,2017-12-02 00:20:09+00:00,0.0,1.0,CNN,0.0,-85
86,0.0,2017-12-02 00:10:04+00:00,0.0,1.0,CNN,0.0,-86
87,0.4939,2017-12-02 00:03:53+00:00,0.0,0.814,CNN,0.186,-87
88,0.7574,2017-12-02 00:02:03+00:00,0.0,0.706,CNN,0.294,-88
89,-0.6908,2017-12-01 23:50:05+00:00,0.251,0.749,CNN,0.0,-89
90,0.0258,2017-12-01 23:40:05+00:00,0.142,0.66,CNN,0.198,-90
91,0.0,2017-12-01 23:30:03+00:00,0.0,1.0,CNN,0.0,-91
92,0.4939,2017-12-01 23:20:06+00:00,0.0,0.775,CNN,0.225,-92
93,-0.5574,2017-12-01 23:10:07+00:00,0.31,0.69,CNN,0.0,-93
94,-0.34,2017-12-01 23:00:15+00:00,0.211,0.789,CNN,0.0,-94
95,0.6249,2017-12-01 22:50:04+00:00,0.0,0.758,CNN,0.242,-95
96,0.0,2017-12-01 22:40:06+00:00,0.0,1.0,CNN,0.0,-96
97,-0.6486,2017-12-01 22:30:07+00:00,0.209,0.791,CNN,0.0,-97
98,-0.2023,2017-12-01 22:20:08+00:00,0.247,0.604,CNN,0.148,-98
99,0.0772,2017-12-01 22:10:13+00:00,0.093,0.802,CNN,0.105,-99
0,0.3291,2017-12-02 21:59:04+00:00,0.0,0.895,BBC,0.105,0
1,0.0,2017-12-02 20:00:05+00:00,0.0,1.0,BBC,0.0,-1
2,0.6369,2017-12-02 19:57:21+00:00,0.0,0.811,BBC,0.189,-2
3,0.0,2017-12-02 19:49:59+00:00,0.0,1.0,BBC,0.0,-3
4,0.5093,2017-12-02 19:48:25+00:00,0.0,0.829,BBC,0.171,-4
5,0.2023,2017-12-02 19:30:03+00:00,0.131,0.674,BBC,0.195,-5
6,0.5106,2017-12-02 18:30:02+00:00,0.178,0.471,BBC,0.351,-6
7,0.0,2017-12-02 18:02:04+00:00,0.0,1.0,BBC,0.0,-7
8,0.2263,2017-12-02 17:30:05+00:00,0.0,0.863,BBC,0.137,-8
9,-0.2401,2017-12-02 16:33:03+00:00,0.103,0.897,BBC,0.0,-9
10,0.0,2017-12-02 16:00:03+00:00,0.0,1.0,BBC,0.0,-10
11,0.4404,2017-12-02 15:05:11+00:00,0.0,0.861,BBC,0.139,-11
12,-0.5423,2017-12-02 15:00:05+00:00,0.28,0.72,BBC,0.0,-12
13,0.0258,2017-12-02 14:53:58+00:00,0.152,0.657,BBC,0.19,-13
14,0.6952,2017-12-02 14:52:52+00:00,0.0,0.758,BBC,0.242,-14
15,0.0,2017-12-02 14:52:22+00:00,0.0,1.0,BBC,0.0,-15
16,0.7884,2017-12-02 14:51:55+00:00,0.0,0.782,BBC,0.218,-16
17,0.765,2017-12-02 14:30:04+00:00,0.0,0.708,BBC,0.292,-17
18,0.0,2017-12-02 13:47:35+00:00,0.0,1.0,BBC,0.0,-18
19,-0.3818,2017-12-02 13:33:03+00:00,0.157,0.843,BBC,0.0,-19
20,0.0,2017-12-02 13:03:03+00:00,0.0,1.0,BBC,0.0,-20
21,0.0,2017-12-02 12:33:04+00:00,0.0,1.0,BBC,0.0,-21
22,-0.1027,2017-12-02 12:00:07+00:00,0.12,0.775,BBC,0.105,-22
23,0.0,2017-12-02 11:24:49+00:00,0.0,1.0,BBC,0.0,-23
24,0.0,2017-12-02 11:00:08+00:00,0.0,1.0,BBC,0.0,-24
25,-0.6801,2017-12-02 10:30:06+00:00,0.272,0.728,BBC,0.0,-25
26,0.7845,2017-12-02 10:00:03+00:00,0.0,0.711,BBC,0.289,-26
27,0.1065,2017-12-02 09:04:04+00:00,0.176,0.617,BBC,0.208,-27
28,0.2023,2017-12-02 08:33:04+00:00,0.0,0.909,BBC,0.091,-28
29,0.4767,2017-12-02 08:05:04+00:00,0.0,0.709,BBC,0.291,-29
30,-0.2023,2017-12-02 07:34:05+00:00,0.087,0.913,BBC,0.0,-30
31,-0.3818,2017-12-01 19:00:02+00:00,0.133,0.867,BBC,0.0,-31
32,0.0,2017-12-01 18:30:09+00:00,0.0,1.0,BBC,0.0,-32
33,0.5574,2017-12-01 18:01:03+00:00,0.0,0.816,BBC,0.184,-33
34,0.8591,2017-12-01 17:30:09+00:00,0.0,0.667,BBC,0.333,-34
35,0.4767,2017-12-01 17:18:28+00:00,0.0,0.807,BBC,0.193,-35
36,0.0,2017-12-01 17:06:02+00:00,0.0,1.0,BBC,0.0,-36
37,0.4003,2017-12-01 16:30:03+00:00,0.0,0.828,BBC,0.172,-37
38,0.0,2017-12-01 16:03:06+00:00,0.0,1.0,BBC,0.0,-38
39,0.0,2017-12-01 15:31:05+00:00,0.0,1.0,BBC,0.0,-39
40,0.0,2017-12-01 14:59:04+00:00,0.0,1.0,BBC,0.0,-40
41,0.1027,2017-12-01 14:28:33+00:00,0.117,0.748,BBC,0.136,-41
42,-0.296,2017-12-01 14:00:07+00:00,0.115,0.885,BBC,0.0,-42
43,0.0,2017-12-01 13:31:02+00:00,0.0,1.0,BBC,0.0,-43
44,0.5423,2017-12-01 13:00:08+00:00,0.0,0.8,BBC,0.2,-44
45,-0.3818,2017-12-01 12:30:03+00:00,0.233,0.625,BBC,0.142,-45
46,0.8151,2017-12-01 12:18:09+00:00,0.0,0.718,BBC,0.282,-46
47,0.5994,2017-12-01 12:03:01+00:00,0.0,0.769,BBC,0.231,-47
48,0.0,2017-12-01 11:34:46+00:00,0.0,1.0,BBC,0.0,-48
49,0.0,2017-12-01 11:02:10+00:00,0.0,1.0,BBC,0.0,-49
50,-0.2732,2017-12-01 10:34:22+00:00,0.122,0.798,BBC,0.08,-50
51,0.5719,2017-12-01 10:30:07+00:00,0.0,0.829,BBC,0.171,-51
52,0.5719,2017-12-01 10:00:05+00:00,0.0,0.821,BBC,0.179,-52
53,0.296,2017-12-01 09:44:25+00:00,0.0,0.833,BBC,0.167,-53
54,0.5093,2017-12-01 09:02:06+00:00,0.0,0.829,BBC,0.171,-54
55,0.0,2017-12-01 08:44:23+00:00,0.0,1.0,BBC,0.0,-55
56,0.0,2017-12-01 08:44:13+00:00,0.0,1.0,BBC,0.0,-56
57,0.6114,2017-12-01 08:43:21+00:00,0.0,0.501,BBC,0.499,-57
58,0.5267,2017-12-01 08:43:18+00:00,0.0,0.876,BBC,0.124,-58
59,0.0,2017-12-01 08:43:08+00:00,0.0,1.0,BBC,0.0,-59
60,0.0,2017-12-01 08:40:03+00:00,0.0,1.0,BBC,0.0,-60
61,0.0,2017-12-01 08:20:04+00:00,0.0,1.0,BBC,0.0,-61
62,0.5213,2017-12-01 08:00:06+00:00,0.0,0.786,BBC,0.214,-62
63,0.0,2017-12-01 07:38:05+00:00,0.0,1.0,BBC,0.0,-63
64,0.0,2017-11-30 20:35:05+00:00,0.0,1.0,BBC,0.0,-64
65,0.0,2017-11-30 20:02:03+00:00,0.0,1.0,BBC,0.0,-65
66,0.0,2017-11-30 19:33:02+00:00,0.0,1.0,BBC,0.0,-66
67,0.2263,2017-11-30 19:00:08+00:00,0.0,0.905,BBC,0.095,-67
68,0.0,2017-11-30 18:33:03+00:00,0.0,1.0,BBC,0.0,-68
69,0.6369,2017-11-30 18:00:13+00:00,0.0,0.704,BBC,0.296,-69
70,0.2263,2017-11-30 17:27:05+00:00,0.0,0.84,BBC,0.16,-70
71,0.0,2017-11-30 17:00:18+00:00,0.0,1.0,BBC,0.0,-71
72,0.7712,2017-11-30 16:46:25+00:00,0.0,0.749,BBC,0.251,-72
73,0.5719,2017-11-30 16:32:03+00:00,0.0,0.709,BBC,0.291,-73
74,0.7269,2017-11-30 16:25:30+00:00,0.106,0.549,BBC,0.345,-74
75,0.4767,2017-11-30 16:25:14+00:00,0.0,0.796,BBC,0.204,-75
76,0.0,2017-11-30 16:25:02+00:00,0.0,1.0,BBC,0.0,-76
77,0.0,2017-11-30 16:23:02+00:00,0.0,1.0,BBC,0.0,-77
78,0.5983,2017-11-30 16:22:48+00:00,0.0,0.755,BBC,0.245,-78
79,0.0,2017-11-30 16:02:14+00:00,0.0,1.0,BBC,0.0,-79
80,0.0,2017-11-30 15:30:05+00:00,0.0,1.0,BBC,0.0,-80
81,-0.1531,2017-11-30 14:59:03+00:00,0.111,0.808,BBC,0.081,-81
82,0.0,2017-11-30 14:33:05+00:00,0.0,1.0,BBC,0.0,-82
83,-0.6486,2017-11-30 14:00:14+00:00,0.249,0.751,BBC,0.0,-83
84,0.5106,2017-11-30 13:30:06+00:00,0.0,0.852,BBC,0.148,-84
85,0.3818,2017-11-30 13:00:09+00:00,0.0,0.776,BBC,0.224,-85
86,0.4019,2017-11-30 12:33:01+00:00,0.0,0.891,BBC,0.109,-86
87,0.6705,2017-11-30 12:00:09+00:00,0.0,0.784,BBC,0.216,-87
88,0.0,2017-11-30 11:33:03+00:00,0.0,1.0,BBC,0.0,-88
89,0.0,2017-11-30 11:03:32+00:00,0.0,1.0,BBC,0.0,-89
90,0.636,2017-11-30 09:02:06+00:00,0.0,0.792,BBC,0.208,-90
91,-0.2716,2017-11-30 08:40:06+00:00,0.11,0.89,BBC,0.0,-91
92,0.4404,2017-11-30 08:20:04+00:00,0.174,0.563,BBC,0.263,-92
93,0.0,2017-11-30 08:03:02+00:00,0.0,1.0,BBC,0.0,-93
94,0.0,2017-11-30 07:38:04+00:00,0.0,1.0,BBC,0.0,-94
95,0.0,2017-11-29 19:48:10+00:00,0.0,1.0,BBC,0.0,-95
96,-0.3182,2017-11-29 19:45:53+00:00,0.133,0.867,BBC,0.0,-96
97,0.0,2017-11-29 19:43:46+00:00,0.0,1.0,BBC,0.0,-97
98,0.0,2017-11-29 19:41:46+00:00,0.0,1.0,BBC,0.0,-98
99,0.5267,2017-11-29 19:38:12+00:00,0.0,0.726,BBC,0.274,-99
0,0.6166,2017-12-02 15:55:39+00:00,0.0,0.825,CBS,0.175,0
1,0.1867,2017-12-02 14:30:03+00:00,0.0,0.902,CBS,0.098,-1
2,0.6996,2017-12-02 13:00:07+00:00,0.0,0.821,CBS,0.179,-2
3,-0.3595,2017-12-02 12:00:03+00:00,0.128,0.872,CBS,0.0,-3
4,0.3612,2017-12-01 22:43:05+00:00,0.0,0.884,CBS,0.116,-4
5,0.4199,2017-12-01 22:15:28+00:00,0.0,0.866,CBS,0.134,-5
6,0.7707,2017-12-01 21:00:12+00:00,0.0,0.718,CBS,0.282,-6
7,0.0,2017-12-01 20:17:18+00:00,0.0,1.0,CBS,0.0,-7
8,0.8221,2017-12-01 19:32:18+00:00,0.0,0.691,CBS,0.309,-8
9,0.0,2017-12-01 18:40:34+00:00,0.0,1.0,CBS,0.0,-9
10,0.0,2017-12-01 18:16:37+00:00,0.0,1.0,CBS,0.0,-10
11,0.0,2017-12-01 18:10:11+00:00,0.0,1.0,CBS,0.0,-11
12,0.6893,2017-12-01 14:00:04+00:00,0.0,0.749,CBS,0.251,-12
13,0.1901,2017-12-01 12:00:03+00:00,0.0,0.907,CBS,0.093,-13
14,0.296,2017-12-01 01:31:30+00:00,0.0,0.872,CBS,0.128,-14
15,0.0,2017-11-30 21:10:19+00:00,0.0,1.0,CBS,0.0,-15
16,0.6115,2017-11-30 20:54:39+00:00,0.0,0.773,CBS,0.227,-16
17,0.0,2017-11-30 17:40:02+00:00,0.0,1.0,CBS,0.0,-17
18,0.6808,2017-11-30 17:30:05+00:00,0.0,0.752,CBS,0.248,-18
19,0.3612,2017-11-30 15:00:05+00:00,0.0,0.865,CBS,0.135,-19
20,0.0,2017-11-30 12:00:03+00:00,0.0,1.0,CBS,0.0,-20
21,-0.3595,2017-11-30 07:52:09+00:00,0.128,0.872,CBS,0.0,-21
22,0.6239,2017-11-30 04:09:55+00:00,0.0,0.55,CBS,0.45,-22
23,0.0,2017-11-30 04:00:27+00:00,0.0,1.0,CBS,0.0,-23
24,0.5542,2017-11-30 03:59:09+00:00,0.0,0.796,CBS,0.204,-24
25,0.0,2017-11-30 03:55:37+00:00,0.0,1.0,CBS,0.0,-25
26,0.0,2017-11-30 03:51:38+00:00,0.0,1.0,CBS,0.0,-26
27,0.0,2017-11-30 03:44:54+00:00,0.0,1.0,CBS,0.0,-27
28,0.7482,2017-11-30 03:37:13+00:00,0.0,0.566,CBS,0.434,-28
29,0.8513,2017-11-30 03:35:13+00:00,0.0,0.458,CBS,0.542,-29
30,0.7232,2017-11-30 03:33:32+00:00,0.0,0.698,CBS,0.302,-30
31,0.0,2017-11-30 03:23:03+00:00,0.0,1.0,CBS,0.0,-31
32,0.8979,2017-11-30 03:11:31+00:00,0.049,0.557,CBS,0.394,-32
33,0.0,2017-11-30 03:09:54+00:00,0.0,1.0,CBS,0.0,-33
34,0.6988,2017-11-30 03:07:20+00:00,0.0,0.548,CBS,0.452,-34
35,0.0,2017-11-30 03:06:38+00:00,0.0,1.0,CBS,0.0,-35
36,0.7067,2017-11-30 03:03:15+00:00,0.0,0.754,CBS,0.246,-36
37,0.0,2017-11-30 03:02:34+00:00,0.0,1.0,CBS,0.0,-37
38,0.0,2017-11-30 02:59:59+00:00,0.0,1.0,CBS,0.0,-38
39,0.6514,2017-11-30 02:45:03+00:00,0.0,0.842,CBS,0.158,-39
40,0.1139,2017-11-30 00:06:05+00:00,0.0,0.936,CBS,0.064,-40
41,0.6825,2017-11-29 23:20:13+00:00,0.0,0.772,CBS,0.228,-41
42,0.5826,2017-11-29 23:15:24+00:00,0.0,0.848,CBS,0.152,-42
43,0.0,2017-11-29 23:14:57+00:00,0.0,1.0,CBS,0.0,-43
44,0.0,2017-11-29 23:13:40+00:00,0.0,1.0,CBS,0.0,-44
45,0.0,2017-11-29 22:34:56+00:00,0.0,1.0,CBS,0.0,-45
46,0.0,2017-11-29 21:07:33+00:00,0.0,1.0,CBS,0.0,-46
47,0.4559,2017-11-29 20:41:13+00:00,0.0,0.858,CBS,0.142,-47
48,0.0,2017-11-29 15:00:07+00:00,0.0,1.0,CBS,0.0,-48
49,0.6124,2017-11-29 12:00:06+00:00,0.0,0.8,CBS,0.2,-49
50,0.4926,2017-11-29 09:09:48+00:00,0.0,0.842,CBS,0.158,-50
51,0.6696,2017-11-29 08:39:05+00:00,0.0,0.809,CBS,0.191,-51
52,0.6696,2017-11-29 08:22:35+00:00,0.0,0.817,CBS,0.183,-52
53,0.4201,2017-11-29 07:56:05+00:00,0.087,0.754,CBS,0.158,-53
54,0.5826,2017-11-29 06:41:12+00:00,0.0,0.848,CBS,0.152,-54
55,0.5106,2017-11-29 04:13:05+00:00,0.0,0.751,CBS,0.249,-55
56,0.9476,2017-11-29 04:02:16+00:00,0.0,0.551,CBS,0.449,-56
57,0.6289,2017-11-29 04:00:58+00:00,0.0,0.629,CBS,0.371,-57
58,0.0,2017-11-29 03:57:07+00:00,0.0,1.0,CBS,0.0,-58
59,-0.5904,2017-11-29 03:56:08+00:00,0.258,0.742,CBS,0.0,-59
60,0.4939,2017-11-29 03:53:09+00:00,0.0,0.775,CBS,0.225,-60
61,0.0,2017-11-29 03:52:28+00:00,0.0,1.0,CBS,0.0,-61
62,0.0,2017-11-29 03:47:11+00:00,0.0,1.0,CBS,0.0,-62
63,0.0,2017-11-29 03:45:32+00:00,0.0,1.0,CBS,0.0,-63
64,0.5994,2017-11-29 03:42:10+00:00,0.0,0.794,CBS,0.206,-64
65,0.0,2017-11-29 03:39:21+00:00,0.0,1.0,CBS,0.0,-65
66,0.8878,2017-11-29 03:36:37+00:00,0.0,0.514,CBS,0.486,-66
67,0.0,2017-11-29 03:34:35+00:00,0.0,1.0,CBS,0.0,-67
68,0.0,2017-11-29 03:26:10+00:00,0.0,1.0,CBS,0.0,-68
69,0.4199,2017-11-29 03:22:53+00:00,0.0,0.518,CBS,0.482,-69
70,0.4003,2017-11-29 03:22:27+00:00,0.0,0.828,CBS,0.172,-70
71,0.0,2017-11-29 03:20:56+00:00,0.0,1.0,CBS,0.0,-71
72,0.0,2017-11-29 03:18:45+00:00,0.0,1.0,CBS,0.0,-72
73,0.6155,2017-11-29 03:16:50+00:00,0.0,0.713,CBS,0.287,-73
74,0.5719,2017-11-29 03:11:29+00:00,0.0,0.448,CBS,0.552,-74
75,0.0,2017-11-29 03:10:51+00:00,0.0,1.0,CBS,0.0,-75
76,0.0,2017-11-29 03:07:06+00:00,0.0,1.0,CBS,0.0,-76
77,-0.6597,2017-11-29 03:04:59+00:00,0.328,0.672,CBS,0.0,-77
78,0.0,2017-11-29 02:56:00+00:00,0.0,1.0,CBS,0.0,-78
79,0.4574,2017-11-29 02:53:04+00:00,0.0,0.88,CBS,0.12,-79
80,0.0,2017-11-29 02:24:15+00:00,0.0,1.0,CBS,0.0,-80
81,0.75,2017-11-29 00:43:55+00:00,0.0,0.684,CBS,0.316,-81
82,0.296,2017-11-28 23:38:24+00:00,0.0,0.905,CBS,0.095,-82
83,0.2732,2017-11-28 23:02:06+00:00,0.0,0.916,CBS,0.084,-83
84,0.6412,2017-11-28 21:33:30+00:00,0.0,0.706,CBS,0.294,-84
85,0.4574,2017-11-28 20:36:19+00:00,0.0,0.857,CBS,0.143,-85
86,0.0,2017-11-28 19:35:16+00:00,0.0,1.0,CBS,0.0,-86
87,0.0,2017-11-28 17:00:03+00:00,0.0,1.0,CBS,0.0,-87
88,0.0,2017-11-28 15:31:01+00:00,0.0,1.0,CBS,0.0,-88
89,0.0,2017-11-28 15:00:05+00:00,0.0,1.0,CBS,0.0,-89
90,0.5707,2017-11-28 14:25:21+00:00,0.0,0.813,CBS,0.187,-90
91,0.4199,2017-11-28 01:37:07+00:00,0.0,0.883,CBS,0.117,-91
92,0.0,2017-11-28 00:09:46+00:00,0.0,1.0,CBS,0.0,-92
93,0.1139,2017-11-27 22:03:36+00:00,0.0,0.929,CBS,0.071,-93
94,0.7804,2017-11-27 20:02:27+00:00,0.0,0.713,CBS,0.287,-94
95,0.4019,2017-11-27 18:32:06+00:00,0.0,0.803,CBS,0.197,-95
96,0.1867,2017-11-27 12:01:03+00:00,0.0,0.916,CBS,0.084,-96
97,-0.2263,2017-11-27 00:53:16+00:00,0.091,0.909,CBS,0.0,-97
98,0.4559,2017-11-27 00:16:34+00:00,0.0,0.858,CBS,0.142,-98
99,0.8553,2017-11-27 00:15:41+00:00,0.0,0.63,CBS,0.37,-99
0,0.8904,2017-12-02 04:47:26+00:00,0.0,0.274,fox,0.726,0
1,0.4215,2017-12-02 04:46:50+00:00,0.0,0.877,fox,0.123,-1
2,-0.2481,2017-12-02 04:34:43+00:00,0.177,0.686,fox,0.137,-2
3,0.0,2017-12-02 04:33:29+00:00,0.0,1.0,fox,0.0,-3
4,0.765,2017-12-02 04:15:03+00:00,0.0,0.752,fox,0.248,-4
5,0.4404,2017-12-01 05:51:08+00:00,0.161,0.497,fox,0.342,-5
6,0.0,2017-12-01 05:48:18+00:00,0.0,1.0,fox,0.0,-6
7,0.0,2017-12-01 03:04:01+00:00,0.0,1.0,fox,0.0,-7
8,0.5984,2017-11-30 23:08:54+00:00,0.0,0.786,fox,0.214,-8
9,0.5574,2017-11-30 20:41:13+00:00,0.0,0.827,fox,0.173,-9
10,0.4023,2017-11-30 10:00:47+00:00,0.0,0.895,fox,0.105,-10
11,0.6486,2017-11-30 05:49:08+00:00,0.0,0.773,fox,0.227,-11
12,-0.5574,2017-11-30 05:37:35+00:00,0.231,0.769,fox,0.0,-12
13,0.3182,2017-11-30 04:54:56+00:00,0.0,0.909,fox,0.091,-13
14,0.8834,2017-11-30 04:36:36+00:00,0.0,0.474,fox,0.526,-14
15,0.4019,2017-11-30 04:34:44+00:00,0.0,0.881,fox,0.119,-15
16,-0.3182,2017-11-30 04:33:38+00:00,0.103,0.897,fox,0.0,-16
17,0.2732,2017-11-30 03:58:45+00:00,0.0,0.916,fox,0.084,-17
18,0.0,2017-11-30 03:16:02+00:00,0.0,1.0,fox,0.0,-18
19,-0.2144,2017-11-30 02:32:28+00:00,0.188,0.812,fox,0.0,-19
20,0.0,2017-11-30 02:31:28+00:00,0.0,1.0,fox,0.0,-20
21,-0.7065,2017-11-30 01:34:39+00:00,0.304,0.567,fox,0.129,-21
22,-0.1779,2017-11-30 01:25:48+00:00,0.107,0.815,fox,0.077,-22
23,0.4939,2017-11-30 01:23:14+00:00,0.0,0.61,fox,0.39,-23
24,0.8221,2017-11-30 01:11:27+00:00,0.0,0.677,fox,0.323,-24
25,0.34,2017-11-30 01:09:23+00:00,0.0,0.888,fox,0.112,-25
26,0.0,2017-11-30 00:01:30+00:00,0.0,1.0,fox,0.0,-26
27,-0.4215,2017-11-29 23:51:30+00:00,0.197,0.726,fox,0.077,-27
28,0.0,2017-11-29 23:47:37+00:00,0.0,1.0,fox,0.0,-28
29,0.0,2017-11-29 23:42:09+00:00,0.0,1.0,fox,0.0,-29
30,0.0,2017-11-29 23:34:46+00:00,0.0,1.0,fox,0.0,-30
31,0.4522,2017-11-29 23:28:30+00:00,0.0,0.814,fox,0.186,-31
32,-0.5474,2017-11-29 23:24:52+00:00,0.414,0.586,fox,0.0,-32
33,0.4404,2017-11-29 23:24:28+00:00,0.11,0.676,fox,0.214,-33
34,0.8158,2017-11-29 23:18:23+00:00,0.0,0.401,fox,0.599,-34
35,0.3182,2017-11-29 23:12:04+00:00,0.0,0.566,fox,0.434,-35
36,0.0,2017-11-29 23:00:46+00:00,0.0,1.0,fox,0.0,-36
37,0.7269,2017-11-29 22:43:57+00:00,0.0,0.643,fox,0.357,-37
38,0.7845,2017-11-29 22:42:03+00:00,0.0,0.566,fox,0.434,-38
39,0.0,2017-11-29 22:32:40+00:00,0.0,1.0,fox,0.0,-39
40,0.2144,2017-11-29 21:40:38+00:00,0.0,0.902,fox,0.098,-40
41,0.6461,2017-11-29 06:41:23+00:00,0.0,0.74,fox,0.26,-41
42,0.0,2017-11-29 06:35:26+00:00,0.0,1.0,fox,0.0,-42
43,0.6478,2017-11-29 04:20:36+00:00,0.0,0.791,fox,0.209,-43
44,0.4019,2017-11-29 01:26:16+00:00,0.0,0.876,fox,0.124,-44
45,0.5255,2017-11-29 01:24:53+00:00,0.0,0.841,fox,0.159,-45
46,0.0,2017-11-29 01:17:57+00:00,0.0,1.0,fox,0.0,-46
47,0.8548,2017-11-29 01:15:30+00:00,0.0,0.657,fox,0.343,-47
48,0.0,2017-11-29 01:14:28+00:00,0.0,1.0,fox,0.0,-48
49,0.4215,2017-11-28 06:01:23+00:00,0.0,0.882,fox,0.118,-49
50,0.7906,2017-11-28 04:35:27+00:00,0.0,0.704,fox,0.296,-50
51,-0.2263,2017-11-28 02:00:28+00:00,0.095,0.905,fox,0.0,-51
52,0.0,2017-11-27 08:52:36+00:00,0.0,1.0,fox,0.0,-52
53,0.0,2017-11-27 05:17:35+00:00,0.0,1.0,fox,0.0,-53
54,0.0,2017-11-27 01:50:27+00:00,0.0,1.0,fox,0.0,-54
55,0.25,2017-11-26 23:48:31+00:00,0.0,0.926,fox,0.074,-55
56,-0.0772,2017-11-24 06:20:01+00:00,0.114,0.782,fox,0.104,-56
57,0.6696,2017-11-24 03:39:37+00:00,0.0,0.421,fox,0.579,-57
58,0.0,2017-11-24 03:30:58+00:00,0.0,1.0,fox,0.0,-58
59,0.4404,2017-11-24 03:11:59+00:00,0.094,0.73,fox,0.176,-59
60,0.7003,2017-11-24 01:31:56+00:00,0.0,0.147,fox,0.853,-60
61,0.6705,2017-11-24 01:23:35+00:00,0.092,0.496,fox,0.411,-61
62,0.0,2017-11-24 00:39:28+00:00,0.0,1.0,fox,0.0,-62
63,0.0,2017-11-24 00:26:44+00:00,0.0,1.0,fox,0.0,-63
64,0.4522,2017-11-23 21:57:28+00:00,0.0,0.844,fox,0.156,-64
65,0.8832,2017-11-23 21:56:29+00:00,0.0,0.593,fox,0.407,-65
66,0.5709,2017-11-23 21:49:05+00:00,0.0,0.802,fox,0.198,-66
67,0.2716,2017-11-23 09:48:49+00:00,0.0,0.901,fox,0.099,-67
68,0.0,2017-11-23 07:02:44+00:00,0.0,1.0,fox,0.0,-68
69,0.0,2017-11-23 00:49:58+00:00,0.0,1.0,fox,0.0,-69
70,0.5574,2017-11-23 00:36:42+00:00,0.0,0.783,fox,0.217,-70
71,0.5994,2017-11-22 22:02:09+00:00,0.0,0.435,fox,0.565,-71
72,0.0,2017-11-22 22:01:11+00:00,0.0,1.0,fox,0.0,-72
73,0.6423,2017-11-22 21:52:24+00:00,0.159,0.529,fox,0.313,-73
74,0.5983,2017-11-22 09:08:38+00:00,0.0,0.836,fox,0.164,-74
75,0.0,2017-11-22 09:08:35+00:00,0.0,1.0,fox,0.0,-75
76,0.0,2017-11-22 09:07:04+00:00,0.0,1.0,fox,0.0,-76
77,0.8588,2017-11-22 09:05:48+00:00,0.0,0.387,fox,0.613,-77
78,0.0,2017-11-22 09:05:07+00:00,0.0,1.0,fox,0.0,-78
79,0.0,2017-11-22 08:52:52+00:00,0.0,1.0,fox,0.0,-79
80,0.6115,2017-11-22 08:48:05+00:00,0.0,0.773,fox,0.227,-80
81,-0.3818,2017-11-22 03:33:43+00:00,0.133,0.867,fox,0.0,-81
82,0.5994,2017-11-22 03:25:47+00:00,0.0,0.794,fox,0.206,-82
83,0.3612,2017-11-22 03:24:49+00:00,0.082,0.781,fox,0.138,-83
84,0.6808,2017-11-22 03:11:12+00:00,0.0,0.797,fox,0.203,-84
85,0.4588,2017-11-22 01:49:19+00:00,0.0,0.824,fox,0.176,-85
86,0.0,2017-11-22 00:10:44+00:00,0.0,1.0,fox,0.0,-86
87,0.6369,2017-11-21 23:58:34+00:00,0.0,0.714,fox,0.286,-87
88,0.7177,2017-11-21 23:53:49+00:00,0.0,0.539,fox,0.461,-88
89,0.0,2017-11-21 23:48:22+00:00,0.0,1.0,fox,0.0,-89
90,0.0,2017-11-21 23:38:26+00:00,0.0,1.0,fox,0.0,-90
91,0.2789,2017-11-21 23:26:39+00:00,0.0,0.79,fox,0.21,-91
92,-0.0258,2017-11-21 23:21:33+00:00,0.155,0.695,fox,0.15,-92
93,-0.4019,2017-11-21 22:30:25+00:00,0.196,0.702,fox,0.102,-93
94,0.3182,2017-11-21 22:16:21+00:00,0.0,0.901,fox,0.099,-94
95,0.0,2017-11-21 20:58:18+00:00,0.0,1.0,fox,0.0,-95
96,-0.7065,2017-11-21 19:59:52+00:00,0.281,0.719,fox,0.0,-96
97,0.5574,2017-11-21 11:00:55+00:00,0.0,0.765,fox,0.235,-97
98,0.0,2017-11-21 08:15:08+00:00,0.0,1.0,fox,0.0,-98
99,0.0,2017-11-21 07:32:07+00:00,0.0,1.0,fox,0.0,-99
